{"allContent":{"docusaurus-plugin-css-cascade-layers":{},"docusaurus-plugin-content-docs":{"default":{"loadedVersions":[{"versionName":"current","label":"Next","banner":null,"badge":false,"noIndex":false,"className":"docs-version-current","path":"/docs","tagsPath":"/docs/tags","editUrl":"https://github.com/facebook/docusaurus/tree/main/packages/create-docusaurus/templates/shared/docs","isLast":true,"routePriority":-1,"sidebarFilePath":"C:\\Users\\AAC\\OneDrive\\Desktop\\docusaurus setup\\docu_setup\\sidebars.ts","contentPath":"C:\\Users\\AAC\\OneDrive\\Desktop\\docusaurus setup\\docu_setup\\docs","docs":[{"id":"chapter-1-intro-physical-ai/index","title":"Chapter 1: Introduction to Physical AI","description":"An introduction to Physical AI, embodied intelligence, and the convergence of robotics with artificial intelligence","source":"@site/docs/chapter-1-intro-physical-ai/index.md","sourceDirName":"chapter-1-intro-physical-ai","slug":"/chapter-1-intro-physical-ai/","permalink":"/docs/chapter-1-intro-physical-ai/","draft":false,"unlisted":false,"editUrl":"https://github.com/facebook/docusaurus/tree/main/packages/create-docusaurus/templates/shared/docs/chapter-1-intro-physical-ai/index.md","tags":[],"version":"current","sidebarPosition":1,"frontMatter":{"sidebar_position":1,"sidebar_label":"Chapter 1: Introduction to Physical AI","title":"Chapter 1: Introduction to Physical AI","description":"An introduction to Physical AI, embodied intelligence, and the convergence of robotics with artificial intelligence","keywords":["physical ai","embodied ai","robotics","artificial intelligence","embodied intelligence"]},"sidebar":"tutorialSidebar","previous":{"title":"Introduction","permalink":"/docs/intro"},"next":{"title":"Chapter 2: The Robotic Nervous System (ROS 2)","permalink":"/docs/chapter-2-ros-nervous-system/"}},{"id":"chapter-2-ros-nervous-system/index","title":"Chapter 2: The Robotic Nervous System (ROS 2)","description":"Understanding ROS 2 as the communication backbone for Physical AI systems, including nodes, topics, services, and actions","source":"@site/docs/chapter-2-ros-nervous-system/index.md","sourceDirName":"chapter-2-ros-nervous-system","slug":"/chapter-2-ros-nervous-system/","permalink":"/docs/chapter-2-ros-nervous-system/","draft":false,"unlisted":false,"editUrl":"https://github.com/facebook/docusaurus/tree/main/packages/create-docusaurus/templates/shared/docs/chapter-2-ros-nervous-system/index.md","tags":[],"version":"current","sidebarPosition":2,"frontMatter":{"sidebar_position":2,"sidebar_label":"Chapter 2: The Robotic Nervous System (ROS 2)","title":"Chapter 2: The Robotic Nervous System (ROS 2)","description":"Understanding ROS 2 as the communication backbone for Physical AI systems, including nodes, topics, services, and actions","keywords":["ros2","robot operating system","robotics middleware","dds","nodes","topics","services","actions"]},"sidebar":"tutorialSidebar","previous":{"title":"Chapter 1: Introduction to Physical AI","permalink":"/docs/chapter-1-intro-physical-ai/"},"next":{"title":"Chapter 3: Digital Twin and Simulation","permalink":"/docs/chapter-3-digital-twin-simulation/"}},{"id":"chapter-3-digital-twin-simulation/index","title":"Chapter 3: Digital Twin and Simulation","description":"Understanding digital twins and physics-based simulation for developing, testing, and training Physical AI systems","source":"@site/docs/chapter-3-digital-twin-simulation/index.md","sourceDirName":"chapter-3-digital-twin-simulation","slug":"/chapter-3-digital-twin-simulation/","permalink":"/docs/chapter-3-digital-twin-simulation/","draft":false,"unlisted":false,"editUrl":"https://github.com/facebook/docusaurus/tree/main/packages/create-docusaurus/templates/shared/docs/chapter-3-digital-twin-simulation/index.md","tags":[],"version":"current","sidebarPosition":3,"frontMatter":{"sidebar_position":3,"sidebar_label":"Chapter 3: Digital Twin and Simulation","title":"Chapter 3: Digital Twin and Simulation","description":"Understanding digital twins and physics-based simulation for developing, testing, and training Physical AI systems","keywords":["digital twin","simulation","isaac sim","gazebo","physics simulation","synthetic data","sim-to-real"]},"sidebar":"tutorialSidebar","previous":{"title":"Chapter 2: The Robotic Nervous System (ROS 2)","permalink":"/docs/chapter-2-ros-nervous-system/"},"next":{"title":"Chapter 4: The AI-Robot Brain (NVIDIA Isaac)","permalink":"/docs/chapter-4-ai-robot-brain/"}},{"id":"chapter-4-ai-robot-brain/index","title":"Chapter 4: The AI-Robot Brain (NVIDIA Isaac)","description":"Exploring NVIDIA Isaac platform for GPU-accelerated perception, AI, and robotics development","source":"@site/docs/chapter-4-ai-robot-brain/index.md","sourceDirName":"chapter-4-ai-robot-brain","slug":"/chapter-4-ai-robot-brain/","permalink":"/docs/chapter-4-ai-robot-brain/","draft":false,"unlisted":false,"editUrl":"https://github.com/facebook/docusaurus/tree/main/packages/create-docusaurus/templates/shared/docs/chapter-4-ai-robot-brain/index.md","tags":[],"version":"current","sidebarPosition":4,"frontMatter":{"sidebar_position":4,"sidebar_label":"Chapter 4: The AI-Robot Brain (NVIDIA Isaac)","title":"Chapter 4: The AI-Robot Brain (NVIDIA Isaac)","description":"Exploring NVIDIA Isaac platform for GPU-accelerated perception, AI, and robotics development","keywords":["nvidia isaac","isaac ros","isaac sim","jetson","gpu acceleration","robot perception","deep learning"]},"sidebar":"tutorialSidebar","previous":{"title":"Chapter 3: Digital Twin and Simulation","permalink":"/docs/chapter-3-digital-twin-simulation/"},"next":{"title":"Chapter 5: Vision-Language-Action Systems","permalink":"/docs/chapter-5-vla-systems/"}},{"id":"chapter-5-vla-systems/index","title":"Chapter 5: Vision-Language-Action Systems","description":"Understanding Vision-Language-Action (VLA) models and foundation models for robotics that combine perception, language understanding, and motor control","source":"@site/docs/chapter-5-vla-systems/index.md","sourceDirName":"chapter-5-vla-systems","slug":"/chapter-5-vla-systems/","permalink":"/docs/chapter-5-vla-systems/","draft":false,"unlisted":false,"editUrl":"https://github.com/facebook/docusaurus/tree/main/packages/create-docusaurus/templates/shared/docs/chapter-5-vla-systems/index.md","tags":[],"version":"current","sidebarPosition":5,"frontMatter":{"sidebar_position":5,"sidebar_label":"Chapter 5: Vision-Language-Action Systems","title":"Chapter 5: Vision-Language-Action Systems","description":"Understanding Vision-Language-Action (VLA) models and foundation models for robotics that combine perception, language understanding, and motor control","keywords":["vla","vision language action","foundation models","robotics","rt-2","palm-e","imitation learning","robot learning"]},"sidebar":"tutorialSidebar","previous":{"title":"Chapter 4: The AI-Robot Brain (NVIDIA Isaac)","permalink":"/docs/chapter-4-ai-robot-brain/"}},{"id":"intro","title":"Introduction to Physical AI Fundamentals","description":"Welcome to Physical AI Fundamentals - a comprehensive textbook on robotics, AI, simulation, and embodied intelligence","source":"@site/docs/intro.md","sourceDirName":".","slug":"/intro","permalink":"/docs/intro","draft":false,"unlisted":false,"editUrl":"https://github.com/facebook/docusaurus/tree/main/packages/create-docusaurus/templates/shared/docs/intro.md","tags":[],"version":"current","sidebarPosition":0,"frontMatter":{"sidebar_position":0,"sidebar_label":"Introduction","title":"Introduction to Physical AI Fundamentals","description":"Welcome to Physical AI Fundamentals - a comprehensive textbook on robotics, AI, simulation, and embodied intelligence"},"sidebar":"tutorialSidebar","next":{"title":"Chapter 1: Introduction to Physical AI","permalink":"/docs/chapter-1-intro-physical-ai/"}},{"id":"physical-ai-textbook/README","title":"physical-ai-textbook","description":"","source":"@site/docs/physical-ai-textbook/README.md","sourceDirName":"physical-ai-textbook","slug":"/physical-ai-textbook/","permalink":"/docs/physical-ai-textbook/","draft":false,"unlisted":false,"editUrl":"https://github.com/facebook/docusaurus/tree/main/packages/create-docusaurus/templates/shared/docs/physical-ai-textbook/README.md","tags":[],"version":"current","frontMatter":{}},{"id":"tutorial-basics/congratulations","title":"Congratulations!","description":"You have just learned the basics of Docusaurus and made some changes to the initial template.","source":"@site/docs/tutorial-basics/congratulations.md","sourceDirName":"tutorial-basics","slug":"/tutorial-basics/congratulations","permalink":"/docs/tutorial-basics/congratulations","draft":false,"unlisted":false,"editUrl":"https://github.com/facebook/docusaurus/tree/main/packages/create-docusaurus/templates/shared/docs/tutorial-basics/congratulations.md","tags":[],"version":"current","sidebarPosition":6,"frontMatter":{"sidebar_position":6}},{"id":"tutorial-basics/create-a-blog-post","title":"Create a Blog Post","description":"Docusaurus creates a page for each blog post, but also a blog index page, a tag system, an RSS feed...","source":"@site/docs/tutorial-basics/create-a-blog-post.md","sourceDirName":"tutorial-basics","slug":"/tutorial-basics/create-a-blog-post","permalink":"/docs/tutorial-basics/create-a-blog-post","draft":false,"unlisted":false,"editUrl":"https://github.com/facebook/docusaurus/tree/main/packages/create-docusaurus/templates/shared/docs/tutorial-basics/create-a-blog-post.md","tags":[],"version":"current","sidebarPosition":3,"frontMatter":{"sidebar_position":3}},{"id":"tutorial-basics/create-a-document","title":"Create a Document","description":"Documents are groups of pages connected through:","source":"@site/docs/tutorial-basics/create-a-document.md","sourceDirName":"tutorial-basics","slug":"/tutorial-basics/create-a-document","permalink":"/docs/tutorial-basics/create-a-document","draft":false,"unlisted":false,"editUrl":"https://github.com/facebook/docusaurus/tree/main/packages/create-docusaurus/templates/shared/docs/tutorial-basics/create-a-document.md","tags":[],"version":"current","sidebarPosition":2,"frontMatter":{"sidebar_position":2}},{"id":"tutorial-basics/create-a-page","title":"Create a Page","description":"Add Markdown or React files to src/pages to create a standalone page:","source":"@site/docs/tutorial-basics/create-a-page.md","sourceDirName":"tutorial-basics","slug":"/tutorial-basics/create-a-page","permalink":"/docs/tutorial-basics/create-a-page","draft":false,"unlisted":false,"editUrl":"https://github.com/facebook/docusaurus/tree/main/packages/create-docusaurus/templates/shared/docs/tutorial-basics/create-a-page.md","tags":[],"version":"current","sidebarPosition":1,"frontMatter":{"sidebar_position":1}},{"id":"tutorial-basics/deploy-your-site","title":"Deploy your site","description":"Docusaurus is a static-site-generator (also called Jamstack).","source":"@site/docs/tutorial-basics/deploy-your-site.md","sourceDirName":"tutorial-basics","slug":"/tutorial-basics/deploy-your-site","permalink":"/docs/tutorial-basics/deploy-your-site","draft":false,"unlisted":false,"editUrl":"https://github.com/facebook/docusaurus/tree/main/packages/create-docusaurus/templates/shared/docs/tutorial-basics/deploy-your-site.md","tags":[],"version":"current","sidebarPosition":5,"frontMatter":{"sidebar_position":5}},{"id":"tutorial-basics/markdown-features","title":"Markdown Features","description":"Docusaurus supports Markdown and a few additional features.","source":"@site/docs/tutorial-basics/markdown-features.mdx","sourceDirName":"tutorial-basics","slug":"/tutorial-basics/markdown-features","permalink":"/docs/tutorial-basics/markdown-features","draft":false,"unlisted":false,"editUrl":"https://github.com/facebook/docusaurus/tree/main/packages/create-docusaurus/templates/shared/docs/tutorial-basics/markdown-features.mdx","tags":[],"version":"current","sidebarPosition":4,"frontMatter":{"sidebar_position":4}},{"id":"tutorial-extras/manage-docs-versions","title":"Manage Docs Versions","description":"Docusaurus can manage multiple versions of your docs.","source":"@site/docs/tutorial-extras/manage-docs-versions.md","sourceDirName":"tutorial-extras","slug":"/tutorial-extras/manage-docs-versions","permalink":"/docs/tutorial-extras/manage-docs-versions","draft":false,"unlisted":false,"editUrl":"https://github.com/facebook/docusaurus/tree/main/packages/create-docusaurus/templates/shared/docs/tutorial-extras/manage-docs-versions.md","tags":[],"version":"current","sidebarPosition":1,"frontMatter":{"sidebar_position":1}},{"id":"tutorial-extras/translate-your-site","title":"Translate your site","description":"Let's translate docs/intro.md to French.","source":"@site/docs/tutorial-extras/translate-your-site.md","sourceDirName":"tutorial-extras","slug":"/tutorial-extras/translate-your-site","permalink":"/docs/tutorial-extras/translate-your-site","draft":false,"unlisted":false,"editUrl":"https://github.com/facebook/docusaurus/tree/main/packages/create-docusaurus/templates/shared/docs/tutorial-extras/translate-your-site.md","tags":[],"version":"current","sidebarPosition":2,"frontMatter":{"sidebar_position":2}}],"drafts":[],"sidebars":{"tutorialSidebar":[{"type":"doc","id":"intro"},{"type":"category","label":"Chapters","collapsible":true,"collapsed":false,"items":[{"type":"doc","id":"chapter-1-intro-physical-ai/index","label":"Chapter 1: Introduction to Physical AI"},{"type":"doc","id":"chapter-2-ros-nervous-system/index","label":"Chapter 2: The Robotic Nervous System (ROS 2)"},{"type":"doc","id":"chapter-3-digital-twin-simulation/index","label":"Chapter 3: Digital Twin and Simulation"},{"type":"doc","id":"chapter-4-ai-robot-brain/index","label":"Chapter 4: The AI-Robot Brain (NVIDIA Isaac)"},{"type":"doc","id":"chapter-5-vla-systems/index","label":"Chapter 5: Vision-Language-Action Systems"}]}]}}]}},"docusaurus-plugin-content-blog":{"default":{"blogSidebarTitle":"Recent posts","blogPosts":[],"blogListPaginated":[],"blogTags":{},"blogTagsListPath":"/blog/tags"}},"docusaurus-plugin-content-pages":{"default":[{"type":"jsx","permalink":"/","source":"@site/src/pages/index.tsx"},{"type":"mdx","permalink":"/markdown-page","source":"@site/src/pages/markdown-page.md","title":"Markdown page example","description":"You don't need React to write simple standalone pages.","frontMatter":{"title":"Markdown page example"},"unlisted":false}]},"docusaurus-plugin-debug":{},"docusaurus-plugin-svgr":{},"docusaurus-theme-classic":{},"docusaurus-bootstrap-plugin":{},"docusaurus-mdx-fallback-plugin":{}}}