{"version":{"pluginId":"default","version":"current","label":"Next","banner":null,"badge":false,"noIndex":false,"className":"docs-version-current","isLast":true,"docsSidebars":{"tutorialSidebar":[{"type":"link","href":"/docs/intro","label":"Introduction","docId":"intro","unlisted":false},{"type":"category","label":"Chapters","collapsible":true,"collapsed":false,"items":[{"type":"link","href":"/docs/chapter-1-intro-physical-ai/","label":"Chapter 1: Introduction to Physical AI","docId":"chapter-1-intro-physical-ai/index","unlisted":false},{"type":"link","href":"/docs/chapter-2-ros-nervous-system/","label":"Chapter 2: The Robotic Nervous System (ROS 2)","docId":"chapter-2-ros-nervous-system/index","unlisted":false},{"type":"link","href":"/docs/chapter-3-digital-twin-simulation/","label":"Chapter 3: Digital Twin and Simulation","docId":"chapter-3-digital-twin-simulation/index","unlisted":false},{"type":"link","href":"/docs/chapter-4-ai-robot-brain/","label":"Chapter 4: The AI-Robot Brain (NVIDIA Isaac)","docId":"chapter-4-ai-robot-brain/index","unlisted":false},{"type":"link","href":"/docs/chapter-5-vla-systems/","label":"Chapter 5: Vision-Language-Action Systems","docId":"chapter-5-vla-systems/index","unlisted":false}]}]},"docs":{"chapter-1-intro-physical-ai/index":{"id":"chapter-1-intro-physical-ai/index","title":"Chapter 1: Introduction to Physical AI","description":"An introduction to Physical AI, embodied intelligence, and the convergence of robotics with artificial intelligence","sidebar":"tutorialSidebar"},"chapter-2-ros-nervous-system/index":{"id":"chapter-2-ros-nervous-system/index","title":"Chapter 2: The Robotic Nervous System (ROS 2)","description":"Understanding ROS 2 as the communication backbone for Physical AI systems, including nodes, topics, services, and actions","sidebar":"tutorialSidebar"},"chapter-3-digital-twin-simulation/index":{"id":"chapter-3-digital-twin-simulation/index","title":"Chapter 3: Digital Twin and Simulation","description":"Understanding digital twins and physics-based simulation for developing, testing, and training Physical AI systems","sidebar":"tutorialSidebar"},"chapter-4-ai-robot-brain/index":{"id":"chapter-4-ai-robot-brain/index","title":"Chapter 4: The AI-Robot Brain (NVIDIA Isaac)","description":"Exploring NVIDIA Isaac platform for GPU-accelerated perception, AI, and robotics development","sidebar":"tutorialSidebar"},"chapter-5-vla-systems/index":{"id":"chapter-5-vla-systems/index","title":"Chapter 5: Vision-Language-Action Systems","description":"Understanding Vision-Language-Action (VLA) models and foundation models for robotics that combine perception, language understanding, and motor control","sidebar":"tutorialSidebar"},"intro":{"id":"intro","title":"Introduction to Physical AI Fundamentals","description":"Welcome to Physical AI Fundamentals - a comprehensive textbook on robotics, AI, simulation, and embodied intelligence","sidebar":"tutorialSidebar"},"physical-ai-textbook/README":{"id":"physical-ai-textbook/README","title":"physical-ai-textbook","description":""},"tutorial-basics/congratulations":{"id":"tutorial-basics/congratulations","title":"Congratulations!","description":"You have just learned the basics of Docusaurus and made some changes to the initial template."},"tutorial-basics/create-a-blog-post":{"id":"tutorial-basics/create-a-blog-post","title":"Create a Blog Post","description":"Docusaurus creates a page for each blog post, but also a blog index page, a tag system, an RSS feed..."},"tutorial-basics/create-a-document":{"id":"tutorial-basics/create-a-document","title":"Create a Document","description":"Documents are groups of pages connected through:"},"tutorial-basics/create-a-page":{"id":"tutorial-basics/create-a-page","title":"Create a Page","description":"Add Markdown or React files to src/pages to create a standalone page:"},"tutorial-basics/deploy-your-site":{"id":"tutorial-basics/deploy-your-site","title":"Deploy your site","description":"Docusaurus is a static-site-generator (also called Jamstack)."},"tutorial-basics/markdown-features":{"id":"tutorial-basics/markdown-features","title":"Markdown Features","description":"Docusaurus supports Markdown and a few additional features."},"tutorial-extras/manage-docs-versions":{"id":"tutorial-extras/manage-docs-versions","title":"Manage Docs Versions","description":"Docusaurus can manage multiple versions of your docs."},"tutorial-extras/translate-your-site":{"id":"tutorial-extras/translate-your-site","title":"Translate your site","description":"Let's translate docs/intro.md to French."}}}}