{
  "id": "chapter-3-digital-twin-simulation/index",
  "title": "Chapter 3: Digital Twin and Simulation",
  "description": "Understanding digital twins and physics-based simulation for developing, testing, and training Physical AI systems",
  "source": "@site/docs/chapter-3-digital-twin-simulation/index.md",
  "sourceDirName": "chapter-3-digital-twin-simulation",
  "slug": "/chapter-3-digital-twin-simulation/",
  "permalink": "/docs/chapter-3-digital-twin-simulation/",
  "draft": false,
  "unlisted": false,
  "editUrl": "https://github.com/facebook/docusaurus/tree/main/packages/create-docusaurus/templates/shared/docs/chapter-3-digital-twin-simulation/index.md",
  "tags": [],
  "version": "current",
  "sidebarPosition": 3,
  "frontMatter": {
    "sidebar_position": 3,
    "sidebar_label": "Chapter 3: Digital Twin and Simulation",
    "title": "Chapter 3: Digital Twin and Simulation",
    "description": "Understanding digital twins and physics-based simulation for developing, testing, and training Physical AI systems",
    "keywords": [
      "digital twin",
      "simulation",
      "isaac sim",
      "gazebo",
      "physics simulation",
      "synthetic data",
      "sim-to-real"
    ]
  },
  "sidebar": "tutorialSidebar",
  "previous": {
    "title": "Chapter 2: The Robotic Nervous System (ROS 2)",
    "permalink": "/docs/chapter-2-ros-nervous-system/"
  },
  "next": {
    "title": "Chapter 4: The AI-Robot Brain (NVIDIA Isaac)",
    "permalink": "/docs/chapter-4-ai-robot-brain/"
  }
}