{
  "id": "chapter-5-vla-systems/index",
  "title": "Chapter 5: Vision-Language-Action Systems",
  "description": "Understanding Vision-Language-Action (VLA) models and foundation models for robotics that combine perception, language understanding, and motor control",
  "source": "@site/docs/chapter-5-vla-systems/index.md",
  "sourceDirName": "chapter-5-vla-systems",
  "slug": "/chapter-5-vla-systems/",
  "permalink": "/docs/chapter-5-vla-systems/",
  "draft": false,
  "unlisted": false,
  "editUrl": "https://github.com/facebook/docusaurus/tree/main/packages/create-docusaurus/templates/shared/docs/chapter-5-vla-systems/index.md",
  "tags": [],
  "version": "current",
  "sidebarPosition": 5,
  "frontMatter": {
    "sidebar_position": 5,
    "sidebar_label": "Chapter 5: Vision-Language-Action Systems",
    "title": "Chapter 5: Vision-Language-Action Systems",
    "description": "Understanding Vision-Language-Action (VLA) models and foundation models for robotics that combine perception, language understanding, and motor control",
    "keywords": [
      "vla",
      "vision language action",
      "foundation models",
      "robotics",
      "rt-2",
      "palm-e",
      "imitation learning",
      "robot learning"
    ]
  },
  "sidebar": "tutorialSidebar",
  "previous": {
    "title": "Chapter 4: The AI-Robot Brain (NVIDIA Isaac)",
    "permalink": "/docs/chapter-4-ai-robot-brain/"
  }
}