{
  "id": "chapter-2-ros-nervous-system/index",
  "title": "Chapter 2: The Robotic Nervous System (ROS 2)",
  "description": "Understanding ROS 2 as the communication backbone for Physical AI systems, including nodes, topics, services, and actions",
  "source": "@site/docs/chapter-2-ros-nervous-system/index.md",
  "sourceDirName": "chapter-2-ros-nervous-system",
  "slug": "/chapter-2-ros-nervous-system/",
  "permalink": "/docs/chapter-2-ros-nervous-system/",
  "draft": false,
  "unlisted": false,
  "editUrl": "https://github.com/facebook/docusaurus/tree/main/packages/create-docusaurus/templates/shared/docs/chapter-2-ros-nervous-system/index.md",
  "tags": [],
  "version": "current",
  "sidebarPosition": 2,
  "frontMatter": {
    "sidebar_position": 2,
    "sidebar_label": "Chapter 2: The Robotic Nervous System (ROS 2)",
    "title": "Chapter 2: The Robotic Nervous System (ROS 2)",
    "description": "Understanding ROS 2 as the communication backbone for Physical AI systems, including nodes, topics, services, and actions",
    "keywords": [
      "ros2",
      "robot operating system",
      "robotics middleware",
      "dds",
      "nodes",
      "topics",
      "services",
      "actions"
    ]
  },
  "sidebar": "tutorialSidebar",
  "previous": {
    "title": "Chapter 1: Introduction to Physical AI",
    "permalink": "/docs/chapter-1-intro-physical-ai/"
  },
  "next": {
    "title": "Chapter 3: Digital Twin and Simulation",
    "permalink": "/docs/chapter-3-digital-twin-simulation/"
  }
}