{
  "id": "chapter-1-intro-physical-ai/index",
  "title": "Chapter 1: Introduction to Physical AI",
  "description": "An introduction to Physical AI, embodied intelligence, and the convergence of robotics with artificial intelligence",
  "source": "@site/docs/chapter-1-intro-physical-ai/index.md",
  "sourceDirName": "chapter-1-intro-physical-ai",
  "slug": "/chapter-1-intro-physical-ai/",
  "permalink": "/docs/chapter-1-intro-physical-ai/",
  "draft": false,
  "unlisted": false,
  "editUrl": "https://github.com/facebook/docusaurus/tree/main/packages/create-docusaurus/templates/shared/docs/chapter-1-intro-physical-ai/index.md",
  "tags": [],
  "version": "current",
  "sidebarPosition": 1,
  "frontMatter": {
    "sidebar_position": 1,
    "sidebar_label": "Chapter 1: Introduction to Physical AI",
    "title": "Chapter 1: Introduction to Physical AI",
    "description": "An introduction to Physical AI, embodied intelligence, and the convergence of robotics with artificial intelligence",
    "keywords": [
      "physical ai",
      "embodied ai",
      "robotics",
      "artificial intelligence",
      "embodied intelligence"
    ]
  },
  "sidebar": "tutorialSidebar",
  "previous": {
    "title": "Introduction",
    "permalink": "/docs/intro"
  },
  "next": {
    "title": "Chapter 2: The Robotic Nervous System (ROS 2)",
    "permalink": "/docs/chapter-2-ros-nervous-system/"
  }
}