{
  "id": "tutorial-extras/translate-your-site",
  "title": "Translate your site",
  "description": "Let's translate docs/intro.md to French.",
  "source": "@site/docs/tutorial-extras/translate-your-site.md",
  "sourceDirName": "tutorial-extras",
  "slug": "/tutorial-extras/translate-your-site",
  "permalink": "/docs/tutorial-extras/translate-your-site",
  "draft": false,
  "unlisted": false,
  "editUrl": "https://github.com/facebook/docusaurus/tree/main/packages/create-docusaurus/templates/shared/docs/tutorial-extras/translate-your-site.md",
  "tags": [],
  "version": "current",
  "sidebarPosition": 2,
  "frontMatter": {
    "sidebar_position": 2
  }
}