{
  "id": "tutorial-basics/create-a-blog-post",
  "title": "Create a Blog Post",
  "description": "Docusaurus creates a page for each blog post, but also a blog index page, a tag system, an RSS feed...",
  "source": "@site/docs/tutorial-basics/create-a-blog-post.md",
  "sourceDirName": "tutorial-basics",
  "slug": "/tutorial-basics/create-a-blog-post",
  "permalink": "/docs/tutorial-basics/create-a-blog-post",
  "draft": false,
  "unlisted": false,
  "editUrl": "https://github.com/facebook/docusaurus/tree/main/packages/create-docusaurus/templates/shared/docs/tutorial-basics/create-a-blog-post.md",
  "tags": [],
  "version": "current",
  "sidebarPosition": 3,
  "frontMatter": {
    "sidebar_position": 3
  }
}