{
  "id": "intro",
  "title": "Introduction to Physical AI Fundamentals",
  "description": "Welcome to Physical AI Fundamentals - a comprehensive textbook on robotics, AI, simulation, and embodied intelligence",
  "source": "@site/docs/intro.md",
  "sourceDirName": ".",
  "slug": "/intro",
  "permalink": "/docs/intro",
  "draft": false,
  "unlisted": false,
  "editUrl": "https://github.com/facebook/docusaurus/tree/main/packages/create-docusaurus/templates/shared/docs/intro.md",
  "tags": [],
  "version": "current",
  "sidebarPosition": 0,
  "frontMatter": {
    "sidebar_position": 0,
    "sidebar_label": "Introduction",
    "title": "Introduction to Physical AI Fundamentals",
    "description": "Welcome to Physical AI Fundamentals - a comprehensive textbook on robotics, AI, simulation, and embodied intelligence"
  },
  "sidebar": "tutorialSidebar",
  "next": {
    "title": "Chapter 1: Introduction to Physical AI",
    "permalink": "/docs/chapter-1-intro-physical-ai/"
  }
}