{
  "id": "chapter-4-ai-robot-brain/index",
  "title": "Chapter 4: The AI-Robot Brain (NVIDIA Isaac)",
  "description": "Exploring NVIDIA Isaac platform for GPU-accelerated perception, AI, and robotics development",
  "source": "@site/docs/chapter-4-ai-robot-brain/index.md",
  "sourceDirName": "chapter-4-ai-robot-brain",
  "slug": "/chapter-4-ai-robot-brain/",
  "permalink": "/docs/chapter-4-ai-robot-brain/",
  "draft": false,
  "unlisted": false,
  "editUrl": "https://github.com/facebook/docusaurus/tree/main/packages/create-docusaurus/templates/shared/docs/chapter-4-ai-robot-brain/index.md",
  "tags": [],
  "version": "current",
  "sidebarPosition": 4,
  "frontMatter": {
    "sidebar_position": 4,
    "sidebar_label": "Chapter 4: The AI-Robot Brain (NVIDIA Isaac)",
    "title": "Chapter 4: The AI-Robot Brain (NVIDIA Isaac)",
    "description": "Exploring NVIDIA Isaac platform for GPU-accelerated perception, AI, and robotics development",
    "keywords": [
      "nvidia isaac",
      "isaac ros",
      "isaac sim",
      "jetson",
      "gpu acceleration",
      "robot perception",
      "deep learning"
    ]
  },
  "sidebar": "tutorialSidebar",
  "previous": {
    "title": "Chapter 3: Digital Twin and Simulation",
    "permalink": "/docs/chapter-3-digital-twin-simulation/"
  },
  "next": {
    "title": "Chapter 5: Vision-Language-Action Systems",
    "permalink": "/docs/chapter-5-vla-systems/"
  }
}