{
  "id": "physical-ai-textbook/README",
  "title": "physical-ai-textbook",
  "description": "",
  "source": "@site/docs/physical-ai-textbook/README.md",
  "sourceDirName": "physical-ai-textbook",
  "slug": "/physical-ai-textbook/",
  "permalink": "/docs/physical-ai-textbook/",
  "draft": false,
  "unlisted": false,
  "editUrl": "https://github.com/facebook/docusaurus/tree/main/packages/create-docusaurus/templates/shared/docs/physical-ai-textbook/README.md",
  "tags": [],
  "version": "current",
  "frontMatter": {}
}