{
  "/__docusaurus/debug-5ff": {
    "__comp": "__comp---theme-debug-config-23-a-2ff",
    "__context": {
      "plugin": "plugin---docusaurus-debugb-38-ad3"
    }
  },
  "/__docusaurus/debug/config-5ba": {
    "__comp": "__comp---theme-debug-config-23-a-2ff",
    "__context": {
      "plugin": "plugin---docusaurus-debugb-38-ad3"
    }
  },
  "/__docusaurus/debug/content-a2b": {
    "__comp": "__comp---theme-debug-contentba-8-ce7",
    "__context": {
      "plugin": "plugin---docusaurus-debugb-38-ad3"
    },
    "__props": "__props---docusaurus-debug-content-3-c-0-be2"
  },
  "/__docusaurus/debug/globalData-c3c": {
    "__comp": "__comp---theme-debug-global-dataede-0fa",
    "__context": {
      "plugin": "plugin---docusaurus-debugb-38-ad3"
    }
  },
  "/__docusaurus/debug/metadata-156": {
    "__comp": "__comp---theme-debug-site-metadata-68-e-3d4",
    "__context": {
      "plugin": "plugin---docusaurus-debugb-38-ad3"
    }
  },
  "/__docusaurus/debug/registry-88c": {
    "__comp": "__comp---theme-debug-registry-679-501",
    "__context": {
      "plugin": "plugin---docusaurus-debugb-38-ad3"
    }
  },
  "/__docusaurus/debug/routes-000": {
    "__comp": "__comp---theme-debug-routes-946-699",
    "__context": {
      "plugin": "plugin---docusaurus-debugb-38-ad3"
    }
  },
  "/markdown-page-3d7": {
    "__comp": "__comp---theme-mdx-page-1-f-3-b90",
    "__context": {
      "plugin": "plugin---markdown-pagea-74-7b5"
    },
    "content": "content---markdown-page-393-028"
  },
  "/docs-533": {
    "__comp": "__comp---theme-docs-root-5-e-9-0b6",
    "__context": {
      "plugin": "plugin---docsaba-d7c"
    }
  },
  "/docs-1c9": {
    "__comp": "__comp---theme-doc-version-roota-7-b-5de",
    "__props": "__props---docs-005-788"
  },
  "/docs-451": {
    "__comp": "__comp---theme-doc-roota-94-67a"
  },
  "/docs/chapter-1-intro-physical-ai/-968": {
    "__comp": "__comp---theme-doc-item-178-a40",
    "content": "content---docs-chapter-1-intro-physical-ai-42-e-4f1"
  },
  "/docs/chapter-2-ros-nervous-system/-a97": {
    "__comp": "__comp---theme-doc-item-178-a40",
    "content": "content---docs-chapter-2-ros-nervous-system-bba-896"
  },
  "/docs/chapter-3-digital-twin-simulation/-2de": {
    "__comp": "__comp---theme-doc-item-178-a40",
    "content": "content---docs-chapter-3-digital-twin-simulation-acc-68b"
  },
  "/docs/chapter-4-ai-robot-brain/-662": {
    "__comp": "__comp---theme-doc-item-178-a40",
    "content": "content---docs-chapter-4-ai-robot-brain-e-7-f-25c"
  },
  "/docs/chapter-5-vla-systems/-2d9": {
    "__comp": "__comp---theme-doc-item-178-a40",
    "content": "content---docs-chapter-5-vla-systems-6-b-0-eea"
  },
  "/docs/intro-61d": {
    "__comp": "__comp---theme-doc-item-178-a40",
    "content": "content---docs-intro-0-e-3-be1"
  },
  "/docs/physical-ai-textbook/-2fa": {
    "__comp": "__comp---theme-doc-item-178-a40",
    "content": "content---docs-physical-ai-textbook-dfc-0ac"
  },
  "/docs/tutorial-basics/congratulations-70e": {
    "__comp": "__comp---theme-doc-item-178-a40",
    "content": "content---docs-tutorial-basics-congratulations-822-958"
  },
  "/docs/tutorial-basics/create-a-blog-post-315": {
    "__comp": "__comp---theme-doc-item-178-a40",
    "content": "content---docs-tutorial-basics-create-a-blog-post-533-e85"
  },
  "/docs/tutorial-basics/create-a-document-f86": {
    "__comp": "__comp---theme-doc-item-178-a40",
    "content": "content---docs-tutorial-basics-create-a-document-1-e-4-078"
  },
  "/docs/tutorial-basics/create-a-page-9f6": {
    "__comp": "__comp---theme-doc-item-178-a40",
    "content": "content---docs-tutorial-basics-create-a-page-5-c-8-e19"
  },
  "/docs/tutorial-basics/deploy-your-site-b91": {
    "__comp": "__comp---theme-doc-item-178-a40",
    "content": "content---docs-tutorial-basics-deploy-your-sitef-55-a3f"
  },
  "/docs/tutorial-basics/markdown-features-272": {
    "__comp": "__comp---theme-doc-item-178-a40",
    "content": "content---docs-tutorial-basics-markdown-features-18-c-a79"
  },
  "/docs/tutorial-extras/manage-docs-versions-a34": {
    "__comp": "__comp---theme-doc-item-178-a40",
    "content": "content---docs-tutorial-extras-manage-docs-versionsdff-6d4"
  },
  "/docs/tutorial-extras/translate-your-site-739": {
    "__comp": "__comp---theme-doc-item-178-a40",
    "content": "content---docs-tutorial-extras-translate-your-sitee-44-ddf"
  },
  "/-e5f": {
    "__comp": "__comp---site-src-pages-index-tsx-1-df-d3e",
    "__context": {
      "plugin": "plugin---markdown-pagea-74-7b5"
    },
    "config": "config---5-e-9-4f3"
  }
}